{"is_source_file": false, "format": "", "description": "", "external_files": [], "external_methods": [], "published": [], "classes": [], "methods": [], "calls": [], "search-terms": [], "state": 2, "file_id": 12, "knowledge_revision": 17, "git_revision": "f110d4198bd6071971e3b3356a4de54bc2e1d627", "hash": "11b6d8a473d27f972546f04a2e21104a", "format-version": 4, "code-base-name": "resident_frontend", "filename": "README.md", "revision_history": [{"17": "f110d4198bd6071971e3b3356a4de54bc2e1d627"}]}