{"is_source_file": false, "format": "", "description": "", "external_files": [], "external_methods": [], "published": [], "classes": [], "methods": [], "calls": [], "search-terms": [], "state": 2, "file_id": 7, "knowledge_revision": 22, "git_revision": "35c68afc27b220016ab4f9799c25b97425353673", "hash": "d001d53c059625c4bcf75bf5a7f3fcf0", "format-version": 4, "code-base-name": "resident_frontend", "filename": "resident_frontend/package.json", "revision_history": [{"22": "35c68afc27b220016ab4f9799c25b97425353673"}]}