{"is_source_file": false, "format": "", "description": "", "external_files": [], "external_methods": [], "published": [], "classes": [], "methods": [], "calls": [], "search-terms": [], "state": 2, "file_id": 8, "knowledge_revision": 19, "git_revision": "35c68afc27b220016ab4f9799c25b97425353673", "hash": "ebece526bc2eadd78ddd787a76c56607", "format-version": 4, "code-base-name": "resident_frontend", "filename": "resident_frontend/README.md", "revision_history": [{"19": "35c68afc27b220016ab4f9799c25b97425353673"}]}