{"is_source_file": false, "format": "", "description": "", "external_files": [], "external_methods": [], "published": [], "classes": [], "methods": [], "calls": [], "search-terms": [], "state": 2, "file_id": 4, "knowledge_revision": 16, "git_revision": "35c68afc27b220016ab4f9799c25b97425353673", "ctags": [], "hash": "1a77571e1a8cf36018a41bcedf60db75", "format-version": 4, "code-base-name": "resident_frontend", "filename": "resident_frontend/src/setupTests.js", "revision_history": [{"16": "35c68afc27b220016ab4f9799c25b97425353673"}]}