{"is_source_file": false, "format": "", "description": "", "external_files": [], "external_methods": [], "published": [], "classes": [], "methods": [], "calls": [], "search-terms": [], "state": 2, "file_id": 11, "knowledge_revision": 18, "git_revision": "35c68afc27b220016ab4f9799c25b97425353673", "hash": "d9d975cebe2ec20b6c652e1e4c12ccf0", "format-version": 4, "code-base-name": "resident_frontend", "filename": "resident_frontend/public/manifest.json", "revision_history": [{"18": "35c68afc27b220016ab4f9799c25b97425353673"}]}