{"is_source_file": true, "format": "JavaScript (React JSX)", "description": "This is the main source file for a React application component named App. It manages a theme toggle feature between light and dark modes, updates the document's data-theme attribute accordingly, and renders UI elements including a toggle button, logo, and links.", "external_files": ["./logo.svg", "./App.css"], "external_methods": ["document.documentElement.setAttribute"], "published": ["App"], "classes": [], "methods": [{"name": "App()", "description": "React functional component that provides theme toggling functionality and renders the app UI.", "scope": "", "scopeKind": ""}, {"name": "toggleTheme", "description": "Function to toggle the theme between 'light' and 'dark'."}], "calls": ["useState", "useEffect", "setTheme", "document.documentElement.setAttribute"], "search-terms": ["React theme toggle", "useState", "useEffect", "App component", "App.js React", "dark mode toggle"], "state": 2, "file_id": 1, "knowledge_revision": 24, "git_revision": "35c68afc27b220016ab4f9799c25b97425353673", "ctags": [{"_type": "tag", "name": "App", "path": "/home/kavia/workspace/code-generation/resident-directory-management-system-307276-307287/resident_frontend/src/App.js", "pattern": "/^function App() {$/", "language": "JavaScript", "kind": "function", "signature": "()"}, {"_type": "tag", "name": "Switch to ${theme === 'light' ? 'dark' : 'light'} mode", "path": "/home/kavia/workspace/code-generation/resident-directory-management-system-307276-307287/resident_frontend/src/App.js", "pattern": "/^          aria-label={`Switch to ${theme === 'light' ? 'dark' : 'light'} mode`}$/", "language": "JavaScript", "kind": "field", "scope": "App.aria", "scopeKind": "class"}, {"_type": "tag", "name": "toggleTheme", "path": "/home/kavia/workspace/code-generation/resident-directory-management-system-307276-307287/resident_frontend/src/App.js", "pattern": "/^          onClick={toggleTheme}$/", "language": "JavaScript", "kind": "field", "scope": "App.onClick", "scopeKind": "class"}], "hash": "b55dd9e6a018e59207d8e277dffd9e11", "format-version": 4, "code-base-name": "resident_frontend", "filename": "resident_frontend/src/App.js", "fields": [{"name": "aria-label={`Switch to ${theme === 'light' ? 'dark' : 'light'} mode`}", "scope": "App.aria", "scopeKind": "class", "description": "unavailable"}, {"name": "onClick={toggleTheme}", "scope": "App.onClick", "scopeKind": "class", "description": "unavailable"}], "revision_history": [{"24": "35c68afc27b220016ab4f9799c25b97425353673"}]}