{"is_source_file": true, "format": "JavaScript (React JSX)", "description": "This file is the entry point for a React application, responsible for rendering the main App component into the DOM.", "external_files": ["react", "react-dom/client", "./index.css", "./App"], "external_methods": ["ReactDOM.createRoot"], "published": [], "classes": [], "methods": [{"name": "root.render", "description": "Renders the React component tree into the DOM element with id 'root', wrapping App in React.StrictMode."}], "calls": ["ReactDOM.createRoot", "root.render", "React.StrictMode", "App"], "search-terms": ["index.js", "React entry point", "React DOM rendering", "main application render"], "state": 2, "file_id": 5, "knowledge_revision": 20, "git_revision": "35c68afc27b220016ab4f9799c25b97425353673", "ctags": [{"_type": "tag", "name": "root", "path": "/home/kavia/workspace/code-generation/resident-directory-management-system-307276-307287/resident_frontend/src/index.js", "pattern": "/^const root = ReactDOM.createRoot(document.getElementById('root'));$/", "language": "JavaScript", "kind": "constant"}], "hash": "9fc5841375336fc175b49f8767a11383", "format-version": 4, "code-base-name": "resident_frontend", "filename": "resident_frontend/src/index.js", "revision_history": [{"20": "35c68afc27b220016ab4f9799c25b97425353673"}]}