{"is_source_file": true, "format": "JavaScript module (.mjs)", "description": "ESLint configuration file exporting an array of configuration objects that set up linting rules, plugin integrations, and environment globals for JavaScript and JSX files.", "external_files": ["@eslint/js", "eslint-plugin-react"], "external_methods": [], "published": [], "classes": [], "methods": [], "calls": ["pluginJs", "pluginReact"], "search-terms": ["eslint", "eslint.config.mjs", "eslint plugin configuration", "react plugin", "eslint rules", "jsx", "ECMAScript latest"], "state": 2, "file_id": 9, "knowledge_revision": 25, "git_revision": "35c68afc27b220016ab4f9799c25b97425353673", "hash": "be6538e7523bc2e9da0743133d784136", "format-version": 4, "code-base-name": "resident_frontend", "filename": "resident_frontend/eslint.config.mjs", "revision_history": [{"25": "35c68afc27b220016ab4f9799c25b97425353673"}]}