{"is_source_file": false, "format": null, "description": "", "external_files": [], "external_methods": [], "published": [], "classes": [], "methods": [], "calls": [], "search-terms": [], "state": 2, "file_id": 10, "knowledge_revision": 14, "git_revision": "35c68afc27b220016ab4f9799c25b97425353673", "hash": "d2b40d02d5f7873d8a6713bad837edd4", "format-version": 4, "code-base-name": "resident_frontend", "filename": "resident_frontend/public/index.html", "revision_history": [{"14": "35c68afc27b220016ab4f9799c25b97425353673"}]}