{"is_source_file": false, "format": "", "description": "", "external_files": [], "external_methods": [], "published": [], "classes": [], "methods": [], "calls": [], "search-terms": [], "state": 2, "file_id": 3, "knowledge_revision": 23, "git_revision": "35c68afc27b220016ab4f9799c25b97425353673", "hash": "6c2104b8d219ed99234ae2d6329f4357", "format-version": 4, "code-base-name": "resident_frontend", "filename": "resident_frontend/src/index.css", "revision_history": [{"23": "35c68afc27b220016ab4f9799c25b97425353673"}]}