{"is_source_file": false, "format": "", "description": "", "external_files": [], "external_methods": [], "published": [], "classes": [], "methods": [], "calls": [], "search-terms": [], "state": 2, "file_id": 6, "knowledge_revision": 15, "git_revision": "35c68afc27b220016ab4f9799c25b97425353673", "hash": "22f9e17cc1848b56dbb244518ac2707e", "format-version": 4, "code-base-name": "resident_frontend", "filename": "resident_frontend/src/App.css", "revision_history": [{"15": "35c68afc27b220016ab4f9799c25b97425353673"}]}